EPC category,EPC type,Construction year,Renovation year,Number of floors,Floor area,Number of basements,Number of stairwells,Number of apartments,Exhaust,Balanced,Balanced with heat exchanger,Exhaust with heat pump,Natural ventilation,Pipe insulation,Door/windows insulation,Cement panel board,Tile/clinker,Carpet glue,Floor mat,Ventilation channel,Gbg
Single-family house,Detached,1935.0,,1.0,40,,,,,,,,,0.0,0.0,0.0,0.0,1.0,,,1
Single-family house,Detached,1966.0,,1.0,180,,,,,,,,,,,1.0,,,,,1
Single-family house,Detached,1965.0,,2.0,180,,,,,,,,,1.0,,,1.0,,,,1
Single-family house,Detached,1965.0,,1.0,,,,,,,,,,,,1.0,1.0,,,,1
Single-family house,Detached,1921.0,,1.0,117,,,,,,,,,1.0,,,,,,,1
Single-family house,Detached,1923.0,,1.0,93,,,,,,,,,,,1.0,,,,,1
Single-family house,Detached,1923.0,,1.0,167,,,,,,,,,,,,,,,,1
Single-family house,Detached,1920.0,,2.0,120,,,,,,,,,,,,1.0,,,,1
Single-family house,Detached,1940.0,,,125,,,,,,,,,,,,,,,,1
Single-family house,Detached,1955.0,1965.0,1.0,52,,,,,,,,,,,,,,,,1
Single-family house,Detached,1962.0,,,77,,,,,,,,,,,,,,,,1
Single-family house,Detached,1961.0,1982.0,1.0,51,,,,,,,,,0.0,0.0,0.0,0.0,0.0,,,1
Single-family house,Detached,1929.0,,,40,,,,,,,,,,,,,,,,1
Single-family house,Detached,1957.0,1973.0,,70,,,,,,,,,,,,,,,,1
Single-family house,Gable,1970.0,1986.0,2.0,123,,,,0.0,0.0,0.0,0.0,0.0,,,,,,,,1
Single-family house,Gable,1970.0,1987.0,2.0,121,,,,,,,,,,,,,,,,1
Single-family house,Detached,1956.0,,,98,,,,,,,,,,,,,,,,1
Single-family house,Detached,1945.0,,1.0,32,,,,,,,,,,,,,,,,1
Single-family house,Detached,1957.0,1960.0,1.0,45,,,,,,,,,0.0,0.0,0.0,0.0,0.0,,,1
Single-family house,Detached,1964.0,,1.0,50,,,,,,,,,0.0,0.0,0.0,0.0,0.0,,,1
Single-family house,Detached,1947.0,1965.0,,96,,,,,,,,,,,,,,,,1
Single-family house,Detached,1909.0,,1.0,66,1.0,,,0.0,0.0,0.0,0.0,1.0,,,,,,,,1
Single-family house,Detached,1963.0,,1.0,51,,,,,,,,,,,,,,,,1
Single-family house,Detached,1946.0,,,214,,,,,,,,,1.0,,1.0,0.0,,,1.0,1
Single-family house,Detached,1960.0,1983.0,1.0,69,,,,,,,,,0.0,0.0,0.0,0.0,0.0,,,1
Single-family house,Detached,1960.0,,,54,,,,,,,,,0.0,0.0,1.0,0.0,0.0,,,1
Single-family house,Detached,1964.0,,2.0,64,,,,,,,,,0.0,0.0,0.0,0.0,0.0,,,1
Single-family house,Detached,1935.0,,1.0,100,,,,,,,,,0.0,0.0,0.0,0.0,0.0,,,1
Single-family house,Detached,1952.0,1991.0,1.0,82,,,,,,,,,,,,,,,,1
Single-family house,Detached,1954.0,1959.0,1.0,40,,,,,,,,,,,1.0,,,,,1
Premise building,Detached,1940.0,,2.0,336,0.0,,,1.0,0.0,0.0,0.0,0.0,,,,,,,,1
Premise building,Detached,1954.0,,1.0,2000,,,,,,,,,,,,0.0,,,0.0,1
Single-family house,Detached,1958.0,,,121,,,,0.0,0.0,0.0,0.0,1.0,,,,,,,,1
Single-family house,Detached,1980.0,,,21,,,,,,,,,0.0,0.0,0.0,0.0,0.0,,,1
Single-family house,Detached,1980.0,,,21,,,,,,,,,,,,,,,,1
Single-family house,Detached,1950.0,,,150,,,,,,,,,1.0,,,,,,,1
Single-family house,Detached,1947.0,2009.0,1.0,120,,,,,,,,,0.0,0.0,0.0,0.0,0.0,,,1
Single-family house,Detached,1942.0,,1.0,40,,,,,,,,,,,,,,,,1
Single-family house,Detached,1960.0,1989.0,1.0,148,,,,,,,,,0.0,0.0,0.0,0.0,0.0,,,1
Single-family house,Detached,1949.0,2008.0,1.0,75,,,,,,,,,,,,,,,,1
Single-family house,Detached,1939.0,,1.0,38,,,,,,,,,0.0,0.0,0.0,0.0,0.0,,,1
Single-family house,Detached,1935.0,,1.0,100,,,,,,,,,0.0,0.0,0.0,0.0,0.0,,,1
Single-family house,Detached,1939.0,1991.0,1.0,43,,,,,,,,,,,1.0,,,,,1
Single-family house,Detached,1970.0,1988.0,,55,,,,,,,,,,,,,,,,1
Single-family house,Detached,1946.0,1979.0,1.0,116,0.0,0.0,0.0,0.0,0.0,0.0,0.0,1.0,0.0,0.0,0.0,0.0,0.0,,,1
Single-family house,Detached,1947.0,2013.0,1.0,95,,,,,,,,,0.0,0.0,1.0,0.0,0.0,,,1
Single-family house,Detached,1942.0,,2.0,120,1.0,0.0,0.0,0.0,0.0,0.0,0.0,1.0,,,,,,,,1
Single-family house,Detached,1938.0,1987.0,2.0,177,1.0,0.0,1.0,0.0,0.0,0.0,0.0,1.0,,,1.0,,,,,1
Single-family house,Detached,1961.0,,,111,,,,,,,,,1.0,0.0,0.0,0.0,0.0,,,1
Single-family house,Detached,1944.0,1993.0,1.0,118,,,,0.0,0.0,1.0,0.0,0.0,,,,,,,,1
Single-family house,Detached,1929.0,1980.0,2.0,100,,,,,,,,,,,,0.0,,0.0,,1
Single-family house,Detached,1922.0,1965.0,2.0,152,1.0,,,0.0,0.0,0.0,0.0,1.0,0.0,0.0,,0.0,0.0,,,1
Single-family house,Detached,1946.0,2017.0,,80,,,,,,,,,,,,,,,,1
Single-family house,Detached,1960.0,,,85,,,,0.0,0.0,0.0,0.0,0.0,0.0,,,,,,,1
Single-family house,Detached,1909.0,,,215,,,,,,,,,,,,,,,,1
Single-family house,Detached,1965.0,1994.0,1.0,70,,,,,,,,,,,,,,,,1
Single-family house,Detached,1939.0,,1.0,145,0.0,0.0,1.0,,,,,,,,,,,,,1
Single-family house,Detached,1930.0,,1.0,81,,,,,,,,,0.0,0.0,,1.0,0.0,,,1
Single-family house,Detached,1901.0,,2.0,240,,,,,,,,,1.0,1.0,,1.0,1.0,,,1
Single-family house,Detached,1964.0,,,90,,,,,,,,,0.0,0.0,,0.0,0.0,,,1
Single-family house,Detached,1930.0,,1.0,130,,,,,,,,,1.0,,,,,,,1
Single-family house,Detached,1936.0,1982.0,,105,,,,0.0,0.0,0.0,0.0,0.0,,,,,,,,1
Single-family house,Detached,1901.0,1960.0,1.0,150,,,,,,,,,1.0,,,,,,1.0,1
Single-family house,Detached,1909.0,,,90,,,,,,,,,,,,1.0,,1.0,,1
Single-family house,Detached,1960.0,1983.0,1.0,69,,,,,,,,,0.0,0.0,,0.0,0.0,,,1
Single-family house,Detached,1968.0,,1.0,,,,,,,,,,0.0,,,,0.0,0.0,,1
Single-family house,Detached,1948.0,,1.0,82,,,,,,,,,,,,,,,,1
Single-family house,Detached,1963.0,,1.0,163,,,,,,,,,0.0,,,,,0.0,,1
Single-family house,Detached,1965.0,,1.0,37,,,,,,,,,,,,,,,,1
Single-family house,Detached,1920.0,,,,,,,,,,,,,,,,,,,1
Single-family house,Detached,1963.0,,,,,,,,,,,,,,,1.0,,1.0,,1
Single-family house,Detached,1968.0,,,155,,,,,,,,,,,,1.0,,,,1
Single-family house,Detached,1924.0,,2.0,130,,,,,,,,,1.0,0.0,,0.0,0.0,,,1
Single-family house,Detached,1935.0,,,75,,,,,,,,,,,,,,,,1
Single-family house,Detached,1936.0,1976.0,1.0,100,,,,,,,,,,,,,,,,1
Single-family house,Detached,1954.0,1986.0,,163,,,,,,,,,,,,,,,,1
Single-family house,Unknown,1947.0,,1.0,95,,,,,,,,,0.0,0.0,,0.0,0.0,,,1
Single-family house,Detached,1935.0,1981.0,,58,,,,,,,,,,,,,,,,1
Single-family house,Detached,1929.0,1956.0,,264,,,,,,,,,1.0,,,0.0,,,,1
Single-family house,Detached,1967.0,,2.0,68,,,,,,,,,0.0,0.0,,,0.0,,,1
Single-family house,Detached,1956.0,1975.0,1.0,87,,,,0.0,0.0,0.0,0.0,0.0,1.0,,,,,,1.0,1
Single-family house,Detached,1951.0,,2.0,201,1.0,0.0,1.0,0.0,0.0,0.0,0.0,0.0,,,,,,,,1
Single-family house,Detached,1951.0,,1.0,40,,,,,,,,,,,,,,,,1
Single-family house,Detached,1910.0,,1.0,52,,,,,,,,,0.0,0.0,0.0,0.0,1.0,0.0,,0
Single-family house,Detached,1940.0,1957.0,2.0,75,,0.0,1.0,,,,,,1.0,,,1.0,,,,0
Single-family house,Detached,1945.0,2007.0,2.0,180,,,,,,,,,1.0,,,,,,,0
Single-family house,Detached,1946.0,,2.0,139,1.0,0.0,1.0,0.0,0.0,0.0,0.0,0.0,1.0,,1.0,,,,,0
Single-family house,Detached,1923.0,1960.0,2.0,80,,,,0.0,0.0,0.0,0.0,1.0,,,0.0,,,,0.0,0
Single-family house,Detached,1938.0,1965.0,2.0,285,,,,0.0,0.0,0.0,0.0,1.0,,,,,,,,0
Premise building,Detached,1968.0,,,115,0.0,,,1.0,0.0,0.0,0.0,0.0,1.0,0.0,1.0,0.0,0.0,0.0,,0
Single-family house,Detached,1909.0,,1.0, 100,,,1.0,,,,,,,,,,,,,0
Single-family house,Detached,1929.0,,1.0,67,,,,,,,,,,,,1.0,,0.0,,0
Single-family house,Detached,1958.0,,1.0,100,,,,,,,,,,,,,,,,0
Single-family house,Detached,1941.0,1958.0,,75,,,,,,,,,,,1.0,,,,,0
Single-family house,Detached,1939.0,,,188,,,,,,,,,,,1.0,,,,1.0,0
Single-family house,Unknown,1963.0,,1.0,,,,,,,,,,,,,0.0,,1.0,,0
Single-family house,Unknown,1963.0,,1.0,,,,,,,,,,,,,,,1.0,,0
Single-family house,Unknown,1963.0,,1.0,,,,,,,,,,0.0,,,,,1.0,,0
Single-family house,Detached,1929.0,,1.0,25,,,,,,,,,,,1.0,0.0,,1.0,,0
Single-family house,Detached,1925.0,1960.0,2.0,90,,,,,,,,,,,,0.0,,,1.0,0
Single-family house,Detached,1934.0,2016.0,1.0,137,1.0,0.0,1.0,0.0,0.0,0.0,0.0,0.0,0.0,0.0,0.0,0.0,0.0,,,0
Single-family house,Detached,1932.0,1988.0,2.0,169,,,,0.0,0.0,0.0,0.0,1.0,0.0,0.0,1.0,0.0,0.0,0.0,,0
Single-family house,Detached,1923.0,1989.0,2.0,184,1.0,0.0,1.0,0.0,0.0,0.0,0.0,1.0,,,,,,,,0
Single-family house,Detached,1950.0,1998.0,1.0,150,,,,,,,,,,,1.0,,,,,0
Single-family house,Detached,1927.0,1973.0,,112,,,,0.0,0.0,0.0,0.0,1.0,0.0,,0.0,0.0,,0.0,,0
Single-family house,Detached,1931.0,1975.0,1.0,94,1.0,0.0,1.0,0.0,0.0,0.0,0.0,1.0,0.0,0.0,0.0,0.0,1.0,1.0,,0
Single-family house,Detached,1929.0,,2.0,249,,,,,,,,,,,,0.0,,0.0,,0
Premise building,Detached,1945.0,,2.0,138,,,,,,,,,1.0,,1.0,1.0,,,,0
Single-family house,Detached,1930.0,,3.0,150,,,,,,,,,1.0,1.0,1.0,1.0,1.0,1.0,,0
Single-family house,Detached,1950.0,2014.0,,149,,,,,,,,,0.0,0.0,0.0,0.0,0.0,,,0
Single-family house,Detached,1936.0,,1.0,64,1.0,0.0,1.0,0.0,0.0,0.0,0.0,1.0,1.0,,,1.0,,1.0,1.0,0
Single-family house,Detached,1963.0,1990.0,1.0,349,,,,,,,,,1.0,0.0,0.0,0.0,0.0,1.0,1.0,0
Unknown,Detached,1952.0,,2.0,69,,,,,,,,,,,,,,,,0
Single-family house,Detached,1942.0,,1.0,65,1.0,0.0,0.0,,,,,,0.0,0.0,0.0,0.0,0.0,0.0,0.0,0
Multifamily house,Unknown,1985.0,,,256,,,,,,,,,,,,,,,,1
Multifamily house,Detached,1928.0,1964.0,2.0,2700,1.0,,,,,,,,1.0,1.0,1.0,1.0,1.0,1.0,1.0,1
Multifamily house,Detached,1950.0,2017.0,3.0,3459,1.0,4.0,40.0,0.0,0.0,0.0,0.0,1.0,,,,0.0,0.0,0.0,,1
Multifamily house,Detached,1960.0,2011.0,3.0,2258,1.0,2.0,68.0,1.0,0.0,0.0,0.0,0.0,,,,,,,,1
Premise building,Intermediate,1955.0,2002.0,2.0,1323,1.0,4.0,54.0,0.0,1.0,0.0,0.0,0.0,1.0,1.0,1.0,0.0,1.0,,,1
Multifamily house,Intermediate,1929.0,,6.0,1170,1.0,1.0,11.0,0.0,0.0,0.0,0.0,1.0,,,,,,,,1
Premise building,Gable,1962.0,1997.0,8.0,2503,1.0,2.0,23.0,1.0,0.0,1.0,0.0,0.0,1.0,1.0,1.0,1.0,,0.0,1.0,1
Premise building,Gable,1962.0,1998.0,8.0,2503,1.0,2.0,23.0,1.0,0.0,1.0,0.0,0.0,,1.0,0.0,0.0,1.0,1.0,1.0,1
Premise building,Gable,1935.0,,8.0,2503,1.0,2.0,23.0,1.0,0.0,1.0,0.0,0.0,1.0,1.0,,1.0,,1.0,,1
Multifamily house,Detached,1932.0,1980.0,2.0,432,0.0,2.0,2.0,0.0,0.0,0.0,0.0,1.0,0.0,1.0,0.0,0.0,0.0,1.0,0.0,1
Multifamily house,Detached,1948.0,1993.0,3.0,1392,1.0,3.0,18.0,0.0,1.0,0.0,0.0,1.0,1.0,0.0,1.0,0.0,0.0,1.0,,1
Multifamily house,Detached,1967.0,2018.0,4.0,20461,1.0,22.0,220.0,1.0,0.0,0.0,0.0,0.0,1.0,,1.0,1.0,1.0,,,1
Multifamily house,Detached,1962.0,2002.0,3.0,3435,1.0,4.0,27.0,0.0,0.0,1.0,0.0,0.0,0.0,0.0,0.0,0.0,0.0,,,1
Multifamily house,Detached,1967.0,,2.0,1524,1.0,3.0,18.0,0.0,0.0,0.0,0.0,1.0,1.0,1.0,1.0,1.0,1.0,1.0,1.0,1
Multifamily house,Detached,1967.0,,2.0,1524,1.0,3.0,18.0,0.0,0.0,0.0,0.0,1.0,1.0,1.0,1.0,1.0,1.0,1.0,1.0,1
Multifamily house,Detached,1967.0,,2.0,1524,1.0,3.0,18.0,0.0,0.0,0.0,0.0,1.0,1.0,1.0,1.0,1.0,1.0,1.0,1.0,1
Multifamily house,Detached,1967.0,,2.0,1710,1.0,3.0,18.0,1.0,0.0,0.0,0.0,1.0,1.0,1.0,1.0,1.0,1.0,1.0,1.0,1
Multifamily house,Detached,1967.0,,2.0,1524,1.0,3.0,18.0,0.0,0.0,0.0,0.0,1.0,1.0,1.0,1.0,1.0,1.0,1.0,1.0,1
Multifamily house,Detached,1967.0,,2.0,1524,1.0,3.0,18.0,0.0,0.0,0.0,0.0,1.0,1.0,1.0,1.0,1.0,1.0,1.0,1.0,1
Multifamily house,Detached,1967.0,,2.0,1524,1.0,3.0,18.0,0.0,0.0,0.0,0.0,1.0,1.0,1.0,1.0,1.0,1.0,1.0,1.0,1
Multifamily house,Detached,1955.0,1991.0,9.0,2381,1.0,2.0,35.0,1.0,0.0,0.0,0.0,0.0,1.0,1.0,0.0,0.0,0.0,0.0,1.0,1
Multifamily house,Detached,1967.0,1990.0,4.0,1735,0.0,3.0,23.0,1.0,0.0,0.0,0.0,0.0,1.0,,,1.0,,0.0,,1
Multifamily house,Detached,1937.0,,3.0,2674,1.0,6.0,36.0,0.0,0.0,0.0,0.0,1.0,1.0,1.0,1.0,1.0,1.0,,1.0,1
Multifamily house,Gable,1904.0,2012.0,7.0,4951,1.0,,,1.0,0.0,0.0,0.0,0.0,0.0,0.0,0.0,0.0,0.0,,,1
Multifamily house,Detached,1936.0,2002.0,5.0,2235,1.0,4.0,105.0,1.0,0.0,0.0,0.0,0.0,1.0,1.0,,,,,1.0,1
Multifamily house,Detached,1969.0,,5.0,3152,0.0,0.0,0.0,0.0,0.0,1.0,0.0,0.0,0.0,1.0,1.0,1.0,0.0,0.0,1.0,1
Multifamily house,Detached,1971.0,2015.0,4.0,3276,0.0,2.0,43.0,1.0,0.0,0.0,0.0,0.0,1.0,0.0,0.0,0.0,0.0,,,1
Multifamily house,Detached,1945.0,2000.0,5.0,3129,,,,,,,,,1.0,1.0,,1.0,0.0,0.0,,1
Multifamily house,Detached,1937.0,2003.0,3.0,1450,0.0,4.0,24.0,0.0,0.0,0.0,0.0,1.0,,,,,,,1.0,1
Multifamily house,Detached,1921.0,,3.0,1066,1.0,1.0,12.0,,,,,,0.0,0.0,,1.0,0.0,1.0,,1
Multifamily house,Detached,1970.0,1995.0,6.0,6381,1.0,3.0,66.0,1.0,0.0,0.0,0.0,0.0,,0.0,1.0,,,,,1
Multifamily house,Detached,1970.0,1995.0,7.0,6100,0.0,3.0,72.0,1.0,0.0,0.0,0.0,0.0,,1.0,1.0,,,,,1
Multifamily house,Detached,1968.0,,4.0,3027,0.0,6.0,41.0,1.0,0.0,0.0,0.0,0.0,,,,0.0,,1.0,,1
Multifamily house,Detached,1955.0,2000.0,4.0,2951,1.0,6.0,43.0,0.0,0.0,0.0,0.0,1.0,1.0,,,,,,,1
Multifamily house,Detached,1955.0,2000.0,4.0,1506,1.0,3.0,23.0,0.0,0.0,0.0,0.0,1.0,1.0,,,,,,,1
Multifamily house,Detached,1942.0,1972.0,3.0,1745,1.0,4.0,25.0,0.0,0.0,0.0,0.0,1.0,,,,,,1.0,1.0,1
Multifamily house,Detached,1963.0,1990.0,3.0,3279,1.0,4.0,29.0,0.0,0.0,0.0,0.0,1.0,1.0,1.0,1.0,1.0,,,,1
Multifamily house,Detached,1963.0,1990.0,3.0,4708,1.0,5.0,52.0,1.0,0.0,0.0,0.0,1.0,1.0,1.0,,1.0,,,,1
Multifamily house,Detached,1968.0,1993.0,9.0,18331,1.0,13.0,169.0,1.0,0.0,0.0,0.0,0.0,1.0,,,0.0,0.0,0.0,,1
Multifamily house,Intermediate,1910.0,1994.0,5.0,2412,0.0,1.0,21.0,1.0,0.0,1.0,0.0,0.0,,,,,,,,1
Multifamily house,Gable,1962.0,1988.0,9.0,8792,1.0,,,1.0,1.0,1.0,0.0,0.0,,,,,,,,1
Multifamily house,Intermediate,1959.0,2008.0,13.0,8141,0.0,2.0,102.0,1.0,0.0,0.0,0.0,0.0,0.0,,,0.0,,0.0,,1
Multifamily house,Detached,1964.0,1975.0,3.0,5520,0.0,3.0,0.0,1.0,1.0,1.0,0.0,0.0,1.0,1.0,,1.0,0.0,1.0,1.0,1
Multifamily house,Detached,1973.0,1995.0,2.0,350,0.0,,6.0,,,,,,0.0,0.0,,0.0,0.0,0.0,0.0,1
Multifamily house,Unknown,1920.0,1989.0,2.0,174,,,,,,,,,,,,,,,,1
Multifamily house,Detached,1962.0,2005.0,4.0,1252,1.0,2.0,20.0,0.0,0.0,0.0,0.0,1.0,1.0,0.0,,1.0,0.0,,,1
Multifamily house,Detached,1956.0,2010.0,8.0,2633,1.0,1.0,31.0,1.0,0.0,0.0,0.0,0.0,1.0,,,0.0,,,,1
Multifamily house,Detached,1948.0,1992.0,3.0,1969,1.0,4.0,34.0,0.0,1.0,0.0,0.0,1.0,,,,,,,,1
Multifamily house,Intermediate,1955.0,,3.0,2326,1.0,4.0,32.0,0.0,0.0,0.0,0.0,1.0,,,,,,,,1
Multifamily house,Detached,1970.0,,,504,1.0,,,,,,,,1.0,,,,,,,0
Multifamily house,Detached,1961.0,2002.0,9.0,17215,1.0,4.0,,1.0,1.0,1.0,0.0,0.0,1.0,1.0,,1.0,1.0,0.0,0.0,0
Multifamily house,Detached,1911.0,1974.0,7.0,3208,2.0,,,0.0,0.0,1.0,0.0,1.0,1.0,,,0.0,,1.0,,0
Multifamily house,Detached,1971.0,,7.0,3904,1.0,,,0.0,0.0,1.0,0.0,0.0,1.0,,,1.0,,1.0,,0
Multifamily house,Detached,1963.0,2005.0,4.0,9366,3.0,4.0,252.0,0.0,0.0,1.0,0.0,0.0,,,1.0,0.0,0.0,0.0,1.0,0
Multifamily house,Detached,1958.0,,3.0,4752,1.0,8.0,48.0,1.0,0.0,0.0,0.0,0.0,1.0,,,,,1.0,0.0,0
Multifamily house,Detached,1958.0,,3.0,4752,1.0,8.0,48.0,1.0,0.0,0.0,0.0,0.0,1.0,1.0,,,1.0,1.0,0.0,0
Multifamily house,Detached,1958.0,,3.0,4752,1.0,8.0,48.0,1.0,0.0,0.0,0.0,0.0,1.0,1.0,,1.0,1.0,,0.0,0
Multifamily house,Detached,1957.0,,2.0,800,,,,,,,,,1.0,,1.0,0.0,1.0,1.0,1.0,0
Premise building,Detached,1939.0,,4.0,3293,1.0,,,0.0,1.0,1.0,0.0,0.0,1.0,1.0,,,,,,0
Premise building,Detached,1960.0,,12.0,20251,0.0,,,0.0,0.0,1.0,0.0,0.0,1.0,1.0,1.0,0.0,1.0,1.0,0.0,0
Multifamily house,Detached,1958.0,,1.0,800,0.0,,,,,,,,0.0,,,0.0,,,0.0,0
Multifamily house,Detached,1969.0,2008.0,6.0,3251,1.0,1.0,30.0,1.0,0.0,0.0,0.0,0.0,1.0,,,1.0,1.0,1.0,,0
Premise building,Detached,1969.0,2008.0,2.0,476,0.0,1.0,0.0,0.0,0.0,1.0,0.0,0.0,1.0,,1.0,,0.0,1.0,1.0,0
Multifamily house,Detached,1969.0,2008.0,7.0,3251,1.0,1.0,30.0,1.0,0.0,0.0,0.0,0.0,1.0,,,1.0,1.0,1.0,,0
Multifamily house,Detached,1969.0,2008.0,2.0,506,0.0,1.0,4.0,1.0,0.0,0.0,0.0,0.0,1.0,,,0.0,,0.0,,0
Multifamily house,Detached,1969.0,2008.0,7.0,3261,1.0,1.0,30.0,1.0,0.0,0.0,0.0,0.0,1.0,,,1.0,1.0,1.0,0.0,0
Multifamily house,Detached,1944.0,,4.0,972,1.0,1.0,12.0,0.0,0.0,0.0,1.0,1.0,1.0,1.0,,0.0,0.0,0.0,,0
Multifamily house,Detached,1944.0,,3.0,752,1.0,1.0,12.0,0.0,0.0,0.0,0.0,1.0,1.0,1.0,,,,,,0
Multifamily house,Detached,1944.0,,3.0,696,1.0,1.0,12.0,0.0,0.0,0.0,0.0,1.0,1.0,1.0,,,,,1.0,0
Multifamily house,Detached,1944.0,,3.0,756,1.0,1.0,12.0,0.0,0.0,0.0,0.0,1.0,1.0,1.0,,,,,,0
Multifamily house,Detached,1944.0,,3.0,721,1.0,1.0,12.0,0.0,0.0,0.0,0.0,1.0,1.0,1.0,,,,,,0
Multifamily house,Detached,1977.0,1990.0,7.0,5800,2.0,,,0.0,0.0,1.0,0.0,0.0,0.0,0.0,,0.0,0.0,0.0,0.0,0
Multifamily house,Gable,1965.0,2012.0,6.0,4160,1.0,2.0,33.0,,,,,,1.0,1.0,,1.0,,,0.0,0
Multifamily house,Detached,1977.0,,1.0,2600,1.0,,,,,,,,,,,0.0,,0.0,0.0,0
Multifamily house,Detached,1966.0,2013.0,7.0,38230,2.0,17.0,341.0,1.0,1.0,0.0,0.0,0.0,1.0,,1.0,,0.0,0.0,0.0,0
Multifamily house,Detached,1969.0,1994.0,7.0,5270,1.0,4.0,48.0,1.0,0.0,0.0,0.0,0.0,0.0,,,,,,,0
Multifamily house,Detached,1969.0,1994.0,7.0,5304,1.0,4.0,56.0,1.0,0.0,0.0,0.0,0.0,0.0,,,,,,,0
Premise building,Detached,1950.0,,2.0,2231,1.0,3.0,6.0,1.0,1.0,0.0,0.0,0.0,,,,0.0,,,,0
Multifamily house,Detached,1937.0,,2.0,461,1.0,1.0,8.0,0.0,0.0,0.0,0.0,1.0,1.0,,,,,,,0
Multifamily house,Detached,1954.0,1998.0,4.0,4712,0.0,10.0,61.0,1.0,0.0,0.0,0.0,0.0,1.0,1.0,,,1.0,,0.0,0
Multifamily house,Detached,1961.0,1995.0,14.0,5425,1.0,1.0,48.0,1.0,0.0,0.0,0.0,0.0,1.0,,1.0,0.0,,,0.0,0
Multifamily house,Detached,1961.0,1995.0,4.0,3989,0.0,6.0,51.0,0.0,0.0,0.0,0.0,1.0,1.0,,,,,,1.0,0
Multifamily house,Intermediate,1913.0,2002.0,6.0,3017,0.0,2.0,30.0,0.0,0.0,0.0,0.0,1.0,0.0,0.0,0.0,0.0,0.0,,,0
Multifamily house,Detached,1945.0,2002.0,3.0,886,1.0,2.0,11.0,0.0,0.0,0.0,0.0,1.0,,,,,,,,0
Multifamily house,Detached,1968.0,,,12791,1.0,1.0,30.0,,,,,,1.0,,,,0.0,0.0,,0
Multifamily house,Detached,1968.0,,,12791,1.0,1.0,24.0,,,,,,1.0,,,,0.0,0.0,,0
Multifamily house,Detached,1961.0,1995.0,14.0,4804,1.0,1.0,47.0,1.0,0.0,0.0,0.0,0.0,1.0,,0.0,0.0,,0.0,,0
Multifamily house,Detached,1946.0,2009.0,3.0,756,1.0,2.0,12.0,0.0,0.0,0.0,0.0,1.0,1.0,1.0,,,,,1.0,0
Multifamily house,Gable,1903.0,,7.0,3151,1.0,2.0,22.0,0.0,1.0,0.0,0.0,0.0,0.0,0.0,0.0,0.0,,0.0,,0
Premise building,Detached,1964.0,,3.0,5870,0.0,4.0,86.0,0.0,1.0,1.0,0.0,0.0,1.0,,,1.0,,,,0
Multifamily house,Gable,1946.0,1989.0,6.0,5189,2.0,3.0,57.0,1.0,0.0,0.0,0.0,0.0,1.0,1.0,,1.0,1.0,,1.0,0
Multifamily house,Intermediate,1926.0,1959.0,6.0,2737,2.0,1.0,14.0,0.0,0.0,0.0,0.0,1.0,,1.0,,1.0,,,,0
Multifamily house,Intermediate,1948.0,1977.0,7.0,2484,1.0,1.0,30.0,1.0,1.0,0.0,0.0,0.0,1.0,1.0,1.0,1.0,1.0,1.0,0.0,0
Multifamily house,Detached,1965.0,,3.0,1914,1.0,1.0,,1.0,1.0,0.0,0.0,0.0,1.0,1.0,1.0,0.0,1.0,1.0,0.0,0
Multifamily house,Detached,1963.0,1982.0,,,,,,,,,,,1.0,1.0,1.0,1.0,1.0,1.0,0.0,0
Multifamily house,Detached,1959.0,2012.0,8.0,3581,1.0,1.0,38.0,1.0,0.0,0.0,0.0,0.0,1.0,1.0,,0.0,,,,0
Multifamily house,Detached,1959.0,2012.0,8.0,3142,1.0,1.0,32.0,0.0,1.0,0.0,0.0,0.0,1.0,1.0,,0.0,,,0.0,0
Multifamily house,Detached,1968.0,2003.0,5.0,1963,0.0,3.0,20.0,0.0,0.0,0.0,0.0,1.0,1.0,1.0,,1.0,,,0.0,0
Multifamily house,Detached,1968.0,2003.0,4.0,1879,0.0,3.0,20.0,0.0,0.0,0.0,0.0,1.0,1.0,1.0,,1.0,,,0.0,0
Multifamily house,Detached,1968.0,2003.0,3.0,1673,0.0,4.0,16.0,0.0,0.0,0.0,0.0,1.0,1.0,1.0,,1.0,,,0.0,0
Multifamily house,Detached,1968.0,2003.0,3.0,1873,0.0,3.0,18.0,0.0,0.0,0.0,0.0,1.0,1.0,1.0,,1.0,1.0,,0.0,0
Multifamily house,Detached,1968.0,2003.0,4.0,1672,0.0,3.0,18.0,0.0,0.0,0.0,0.0,1.0,1.0,1.0,,1.0,,,0.0,0
Multifamily house,Detached,1968.0,2003.0,4.0,1869,0.0,3.0,18.0,0.0,0.0,0.0,0.0,1.0,1.0,1.0,,1.0,,,0.0,0
Multifamily house,Detached,1968.0,2003.0,4.0,2269,0.0,4.0,24.0,0.0,0.0,0.0,0.0,1.0,1.0,1.0,,1.0,,,0.0,0
Multifamily house,Detached,1968.0,2003.0,4.0,1609,0.0,3.0,18.0,0.0,0.0,0.0,0.0,1.0,1.0,1.0,,1.0,,,0.0,0
Multifamily house,Detached,1968.0,2003.0,4.0,1869,0.0,3.0,18.0,0.0,0.0,0.0,0.0,1.0,1.0,1.0,,1.0,,,0.0,0
Multifamily house,Detached,1968.0,2003.0,3.0,2337,0.0,4.0,24.0,0.0,0.0,0.0,0.0,1.0,1.0,1.0,,1.0,,,0.0,0
Multifamily house,Detached,1968.0,2003.0,4.0,1892,0.0,3.0,18.0,0.0,0.0,0.0,0.0,1.0,1.0,1.0,,1.0,,,0.0,0
Multifamily house,Gable,1949.0,,,,,,,,,,,,1.0,1.0,,1.0,1.0,1.0,1.0,0
Multifamily house,Gable,1940.0,,3.0,1361,1.0,,,0.0,0.0,0.0,0.0,1.0,1.0,1.0,,1.0,1.0,1.0,1.0,0
Multifamily house,Gable,1938.0,1998.0,7.0,1271,1.0,,,1.0,0.0,0.0,0.0,1.0,0.0,1.0,0.0,0.0,,0.0,,0
Premise building,Intermediate,1944.0,,8.0,14646,0.0,,,0.0,0.0,1.0,0.0,0.0,1.0,1.0,,0.0,1.0,0.0,,0
Multifamily house,Detached,1975.0,2008.0,5.0,13245,1.0,2.0,245.0,1.0,1.0,1.0,0.0,0.0,0.0,,1.0,0.0,0.0,1.0,,0
Multifamily house,Detached,1968.0,2000.0,7.0,3982,1.0,3.0,42.0,0.0,0.0,0.0,1.0,0.0,,0.0,,,,,0.0,0
Multifamily house,Gable,1931.0,2015.0,5.0,1670,0.0,,,0.0,0.0,0.0,0.0,1.0,0.0,0.0,0.0,0.0,,0.0,,0
Multifamily house,Detached,1947.0,,3.0,2556,1.0,5.0,30.0,0.0,0.0,0.0,0.0,1.0,0.0,,,0.0,,,,0
Premise building,Detached,1963.0,,2.0,969,1.0,,,1.0,0.0,0.0,0.0,0.0,0.0,1.0,1.0,1.0,1.0,1.0,1.0,0
Multifamily house,Intermediate,1931.0,,6.0,1224,1.0,,,1.0,0.0,0.0,0.0,0.0,1.0,1.0,,1.0,,0.0,0.0,0
Multifamily house,Intermediate,1973.0,,7.0,5990,1.0,2.0,49.0,1.0,1.0,0.0,0.0,0.0,,,,0.0,,1.0,,0
Multifamily house,Gable,1969.0,2002.0,8.0,10656,2.0,2.0,98.0,1.0,1.0,1.0,1.0,0.0,1.0,1.0,,1.0,1.0,1.0,1.0,0
Multifamily house,Gable,1969.0,2002.0,8.0,10656,2.0,2.0,98.0,1.0,1.0,1.0,1.0,0.0,1.0,1.0,1.0,1.0,0.0,,1.0,0
Multifamily house,Intermediate,1924.0,2006.0,6.0,3745,0.0,2.0,26.0,,,,,,1.0,,,,,,,0
Multifamily house,Gable,1973.0,2005.0,7.0,3090,1.0,,,1.0,1.0,0.0,0.0,0.0,1.0,,1.0,0.0,,1.0,0.0,0
Multifamily house,Intermediate,1973.0,,8.0,2290,1.0,1.0,16.0,1.0,1.0,0.0,0.0,0.0,,,,0.0,0.0,0.0,,0
Multifamily house,Gable,1955.0,2016.0,7.0,3128,1.0,1.0,20.0,1.0,1.0,0.0,0.0,0.0,,,,0.0,0.0,,0.0,0
Multifamily house,Detached,1967.0,2000.0,3.0,1427,1.0,1.0,13.0,1.0,0.0,0.0,0.0,0.0,1.0,1.0,1.0,0.0,,0.0,1.0,0
Multifamily house,Detached,1967.0,2000.0,3.0,1435,1.0,1.0,14.0,1.0,0.0,0.0,0.0,0.0,1.0,1.0,1.0,0.0,1.0,1.0,1.0,0
Multifamily house,Detached,1967.0,2000.0,3.0,1335,1.0,1.0,14.0,1.0,0.0,0.0,0.0,0.0,1.0,1.0,1.0,0.0,1.0,1.0,1.0,0
Multifamily house,Detached,1967.0,2000.0,3.0,1328,1.0,1.0,14.0,1.0,0.0,0.0,0.0,0.0,1.0,1.0,1.0,1.0,1.0,1.0,1.0,0
Multifamily house,Detached,1967.0,2000.0,3.0,1614,1.0,1.0,11.0,1.0,1.0,0.0,0.0,0.0,1.0,1.0,1.0,,,0.0,1.0,0
Multifamily house,Detached,1967.0,2000.0,3.0,1361,1.0,1.0,14.0,1.0,0.0,0.0,0.0,0.0,1.0,1.0,1.0,,,0.0,1.0,0
Multifamily house,Detached,1975.0,,12.0,5304,1.0,2.0,99.0,1.0,1.0,0.0,0.0,0.0,0.0,0.0,1.0,0.0,0.0,1.0,0.0,0
Multifamily house,Detached,1944.0,1993.0,3.0,940,1.0,2.0,13.0,0.0,0.0,0.0,0.0,1.0,0.0,0.0,0.0,0.0,0.0,,,0
Premise building,Detached,1950.0,2016.0,2.0,2231,1.0,3.0,6.0,1.0,1.0,0.0,0.0,0.0,,,,0.0,0.0,0.0,,0
Multifamily house,Detached,1945.0,,3.0,1411,1.0,4.0,24.0,0.0,0.0,0.0,0.0,1.0,1.0,,,,,,0.0,0
Multifamily house,Detached,1945.0,,3.0,1368,1.0,3.0,30.0,0.0,0.0,0.0,0.0,1.0,1.0,,0.0,0.0,,0.0,0.0,0
Premise building,Detached,1958.0,2014.0,1.0,2000,1.0,0.0,0.0,1.0,1.0,0.0,0.0,0.0,1.0,1.0,,0.0,1.0,,0.0,0
Multifamily house,Detached,1952.0,2016.0,,8788,,,,,,,,,,0.0,,,0.0,0.0,,0
Multifamily house,Detached,1951.0,1998.0,9.0,6645,1.0,5.0,130.0,1.0,0.0,1.0,0.0,0.0,0.0,1.0,,0.0,,,0.0,0
Premise building,Detached,1956.0,,8.0,23297,1.0,8.0,376.0,1.0,0.0,1.0,1.0,0.0,1.0,1.0,1.0,0.0,1.0,1.0,1.0,0
Multifamily house,Detached,1959.0,2005.0,3.0,2238,1.0,3.0,18.0,1.0,0.0,0.0,0.0,0.0,1.0,1.0,,,1.0,,,0
Multifamily house,Detached,1959.0,2005.0,3.0,5121,1.0,7.0,71.0,1.0,0.0,0.0,0.0,0.0,1.0,1.0,1.0,,1.0,1.0,,0
Multifamily house,Detached,1959.0,2005.0,3.0,9964,1.0,19.0,84.0,1.0,0.0,0.0,0.0,0.0,1.0,1.0,1.0,,1.0,1.0,,0
Multifamily house,Detached,1949.0,,4.0,784,,,,,,,,,1.0,1.0,,1.0,0.0,0.0,0.0,0
Multifamily house,Detached,1964.0,1988.0,6.0,5850,,,,,,,,,1.0,1.0,,1.0,1.0,1.0,0.0,0
Multifamily house,Detached,1960.0,1990.0,4.0,1560,,8.0,134.0,,,,,,1.0,1.0,,1.0,1.0,1.0,0.0,0
Multifamily house,Detached,1959.0,,12.0,4618,1.0,1.0,40.0,1.0,0.0,0.0,0.0,0.0,1.0,,,0.0,0.0,0.0,,0
Premise building,Detached,1965.0,1990.0,1.0,1872,0.0,,,1.0,0.0,1.0,0.0,0.0,1.0,0.0,1.0,,,1.0,0.0,1
Premise building,Detached,1960.0,,1.0,415,0.0,0.0,0.0,0.0,0.0,1.0,0.0,0.0,0.0,0.0,0.0,0.0,0.0,0.0,0.0,1
Premise building,Detached,1964.0,2015.0,4.0,4100,1.0,3.0,0.0,0.0,0.0,1.0,0.0,0.0,1.0,1.0,1.0,0.0,,1.0,1.0,1
Premise building,Intermediate,1966.0,2010.0,7.0,3017,2.0,2.0,0.0,0.0,1.0,1.0,0.0,0.0,,1.0,,1.0,,,1.0,1
Premise building,Unknown,1929.0,2006.0,,1835,,,,,,,,,,,,,,,,1
Premise building,Intermediate,1969.0,,8.0,6233,0.0,3.0,0.0,0.0,1.0,1.0,0.0,0.0,,,0.0,,,,,1
Premise building,Detached,1939.0,1999.0,,1855,,,,,,,,,0.0,0.0,0.0,0.0,1.0,,1.0,1
Premise building,Unknown,1963.0,,1.0,,,,,,,,,,,,,1.0,,1.0,,1
Premise building,Unknown,1929.0,,1.0,,,,,,,,,,1.0,0.0,,1.0,,,,1
Premise building,Detached,1967.0,2004.0,5.0,13588,1.0,2.0,0.0,0.0,1.0,1.0,0.0,0.0,1.0,1.0,,1.0,1.0,1.0,,1
Premise building,Unknown,1940.0,1980.0,,,,,,,,,,,1.0,0.0,,0.0,0.0,0.0,0.0,1
Premise building,Detached,1982.0,,8.0,,,,,,,,,,,,,,,,,0
Premise building,Detached,1946.0,1972.0,7.0,,,,,,,,,,1.0,,1.0,,,,,0
Premise building,Detached,1980.0,2000.0,,,,,,,,,,,,,,,,,,0
Premise building,Gable,1963.0,,8.0,5399,2.0,2.0,,0.0,0.0,1.0,0.0,0.0,0.0,1.0,,,,0.0,,0
Premise building,Detached,1964.0,,,9468,1.0,,,0.0,0.0,1.0,0.0,0.0,1.0,1.0,,1.0,1.0,1.0,1.0,0
Premise building,Detached,1966.0,2002.0,5.0,11250,1.0,,,0.0,1.0,1.0,0.0,0.0,1.0,,0.0,,0.0,,,0
Premise building,Detached,1978.0,,7.0,37940,1.0,,,1.0,1.0,1.0,0.0,0.0,,,,,,,,0
Premise building,Detached,1976.0,2004.0,2.0,2005,1.0,2.0,0.0,0.0,0.0,1.0,0.0,0.0,0.0,,1.0,,,,,0
Premise building,Intermediate,1980.0,2004.0,10.0,8625,1.0,,,0.0,0.0,1.0,0.0,0.0,,,1.0,,,1.0,0.0,0
Premise building,Detached,1970.0,1989.0,8.0, 11104,1.0,,,0.0,1.0,1.0,0.0,0.0,1.0,1.0,,0.0,1.0,1.0,,0
Premise building,Intermediate,1937.0,,9.0,7899,1.0,2.0,0.0,0.0,0.0,1.0,0.0,0.0,,,,,,,,0
Premise building,Gable,1976.0,,12.0,40568,0.0,,,,,,,,,,1.0,0.0,,0.0,0.0,0
Premise building,Intermediate,1980.0,2004.0,14.0,29963,1.0,,,0.0,0.0,1.0,0.0,0.0,,,1.0,0.0,0.0,1.0,0.0,0
Premise building,Intermediate,1934.0,2012.0,10.0,4439,1.0,1.0,0.0,0.0,0.0,1.0,0.0,0.0,1.0,1.0,1.0,,,,,0
Premise building,Intermediate,1910.0,2005.0,9.0,2822,1.0,1.0,,0.0,0.0,1.0,0.0,0.0,1.0,1.0,1.0,,,,,0
Premise building,Detached,1968.0,1984.0,4.0, 15050,1.0,,,0.0,1.0,1.0,0.0,0.0,0.0,1.0,1.0,0.0,,1.0,,0
Premise building,Detached,1985.0,1997.0,, 2950,1.0,2.0,,,,,,,,,,,,0.0,0.0,0
Premise building,Gable,1983.0,2003.0,5.0,3112,3.0,3.0,,1.0,0.0,1.0,0.0,0.0,,,1.0,0.0,0.0,0.0,,0
Premise building,Detached,1960.0,2006.0,4.0,10688,2.0,3.0,,0.0,1.0,1.0,1.0,0.0,1.0,1.0,,0.0,1.0,1.0,0.0,0
Premise building,Detached,1965.0,,,347,,,,,,,,,,1.0,1.0,1.0,1.0,1.0,0.0,0
Premise building,Detached,1980.0,,1.0,210,,,,,,,,,1.0,1.0,,,,,,0
Premise building,Detached,1968.0,,5.0,21000,,,,,,,,,1.0,,1.0,1.0,0.0,1.0,,0
Premise building,Gable,1905.0,2013.0,8.0,7491,1.0,3.0,,1.0,1.0,1.0,0.0,0.0,,1.0,,,,,,0
Premise building,Gable,1969.0,1997.0,8.0, 10192,3.0,1.0,,0.0,0.0,1.0,1.0,0.0,,,,,,,0.0,0
Premise building,Detached,1972.0,2000.0,10.0,5431,1.0,2.0,,0.0,0.0,1.0,0.0,0.0,,,,,,,,0
Premise building,Intermediate,1962.0,2008.0,8.0,4154,1.0,1.0,,0.0,1.0,1.0,0.0,0.0,1.0,,,,,1.0,0.0,0
Premise building,Detached,1971.0,1989.0,1.0,1470,,,,,,,,,0.0,1.0,0.0,1.0,0.0,0.0,,0
Premise building,Detached,1983.0,,11.0,48305,3.0,10.0,0.0,0.0,1.0,1.0,0.0,0.0,,,,0.0,1.0,,0.0,0
Premise building,Intermediate,1979.0,1997.0,4.0, 1798,1.0,1.0,0.0,0.0,0.0,1.0,0.0,0.0,,,,,,,,0
Premise building,Intermediate,1929.0,,6.0,4685,1.0,1.0,0.0,1.0,1.0,1.0,0.0,0.0,1.0,1.0,,,,,,0
Premise building,Detached,1964.0,1984.0,,9468,1.0,,,0.0,0.0,1.0,0.0,0.0,,,,,,,,0
Premise building,Detached,1973.0,,6.0,13495,1.0,4.0,,0.0,0.0,1.0,0.0,0.0,,,,,,,,0
Premise building,Intermediate,1902.0,2014.0,6.0,29301,1.0,7.0,,0.0,1.0,1.0,0.0,0.0,,,,,1.0,1.0,1.0,0
Premise building,Intermediate,1902.0,2014.0,6.0,29301,1.0,7.0,,0.0,1.0,1.0,0.0,0.0,,,,0.0,1.0,1.0,1.0,0
Premise building,Detached,1967.0,1995.0,2.0,,,,,,,,,,1.0,1.0,,1.0,,1.0,,0
Premise building,Intermediate,1931.0,,5.0, 1791,1.0,,,0.0,0.0,1.0,0.0,0.0,1.0,,,,1.0,1.0,0.0,0
Premise building,Intermediate,1944.0,,8.0,8474,0.0,,,0.0,0.0,1.0,0.0,0.0,1.0,1.0,1.0,1.0,1.0,1.0,0.0,0
Premise building,Unknown,1963.0,,9.0,,,,,,,,,,1.0,1.0,1.0,,1.0,,,0
Premise building,Detached,1978.0,2008.0,7.0,17495,0.0,1.0,0.0,0.0,0.0,1.0,0.0,0.0,,1.0,,,,0.0,,0
Premise building,Unknown,1977.0,,5.0,8738,,2.0,0.0,,,,,,,,,0.0,0.0,0.0,,0
Premise building,Gable,1963.0,1998.0,15.0,9343,1.0,2.0,,0.0,0.0,1.0,0.0,0.0,,,0.0,0.0,,0.0,,0
Premise building,Detached,1972.0,2016.0,7.0,7521,,,,,,,,,1.0,1.0,,1.0,1.0,1.0,1.0,0
Premise building,Detached,1969.0,,4.0,15050,1.0,,,0.0,1.0,1.0,0.0,0.0,0.0,1.0,1.0,0.0,0.0,0.0,,0
Premise building,Detached,1972.0,,6.0,31746,0.0,,,0.0,1.0,1.0,0.0,0.0,1.0,,1.0,1.0,0.0,1.0,0.0,0
Premise building,Detached,1978.0,2009.0,7.0,49602,3.0,,,0.0,1.0,0.0,0.0,0.0,,0.0,,,,,,0
Premise building,Detached,1960.0,2006.0,1.0,260,,1.0,,,,,,,,1.0,1.0,0.0,0.0,0.0,,0
Premise building,Detached,1959.0,2006.0,2.0,300,,1.0,,,,,,,1.0,1.0,1.0,0.0,1.0,0.0,,0
Premise building,Detached,1948.0,,21.0,7712,1.0,2.0,189.0,0.0,1.0,1.0,0.0,0.0,0.0,0.0,,1.0,0.0,0.0,,0
Premise building,Detached,1955.0,,3.0,3017,1.0,,,0.0,0.0,1.0,0.0,0.0,,,1.0,0.0,,,0.0,0
Premise building,Detached,1979.0,,7.0,18037,0.0,2.0,,0.0,1.0,0.0,0.0,0.0,,,,0.0,,,,0
Premise building,Detached,1979.0,,7.0,18037,0.0,2.0,,0.0,1.0,0.0,0.0,0.0,,,,,,,,0
Premise building,Intermediate,1902.0,2014.0,6.0,29301,1.0,7.0,,0.0,1.0,1.0,0.0,0.0,,,,,,,,0
Premise building,Detached,1980.0,2015.0,5.0,25654,1.0,,,0.0,0.0,1.0,0.0,0.0,,,,,,0.0,,0
Premise building,Detached,1963.0,2009.0,15.0,18736,1.0,,,0.0,0.0,1.0,0.0,0.0,1.0,1.0,1.0,0.0,1.0,1.0,1.0,0
Premise building,Detached,1949.0,2015.0,8.0,13076,2.0,,,1.0,0.0,1.0,0.0,0.0,,,,,,,,0
Premise building,Detached,1952.0,2011.0,6.0,9286,1.0,2.0,,1.0,0.0,1.0,0.0,0.0,,,,,,,,0
Premise building,Detached,1947.0,2006.0,1.0,231,0.0,,,0.0,0.0,1.0,0.0,0.0,1.0,0.0,1.0,0.0,,,0.0,0
Multifamily house,Detached,1965.0,1981.0,9.0,11425,2.0,3.0,30.0,1.0,0.0,1.0,0.0,0.0,1.0,1.0,,,1.0,1.0,,0
Premise building,Detached,1953.0,,1.0,676,0.0,12.0,7.0,1.0,1.0,1.0,0.0,0.0,1.0,1.0,1.0,0.0,1.0,1.0,,1
Premise building,Detached,1953.0,,1.0,835,1.0,4.0,12.0,1.0,0.0,0.0,0.0,0.0,,1.0,0.0,0.0,,0.0,,1
Premise building,Detached,1970.0,1998.0,2.0,7212,0.0,0.0,0.0,0.0,1.0,1.0,0.0,0.0,,,0.0,0.0,0.0,0.0,,1
Premise building,Detached,1970.0,2006.0,4.0,21516,0.0,1.0,0.0,1.0,0.0,1.0,0.0,0.0,,,1.0,,,,,1
Premise building,Detached,1967.0,1999.0,1.0,785,0.0,0.0,0.0,1.0,0.0,0.0,0.0,0.0,1.0,0.0,0.0,1.0,1.0,0.0,1.0,1
Premise building,Detached,1971.0,,1.0,468,0.0,,,1.0,0.0,0.0,0.0,0.0,,,1.0,,,,,1
Unknown,Detached,1969.0,,1.0,128,,,,,,,,,0.0,0.0,0.0,0.0,0.0,1.0,0.0,1
Premise building,Detached,1932.0,2000.0,5.0,9043,1.0,3.0,0.0,0.0,0.0,1.0,0.0,0.0,0.0,0.0,0.0,1.0,0.0,0.0,1.0,1
Premise building,Unknown,1971.0,2008.0,1.0,471,,,,,,,,,1.0,0.0,1.0,0.0,,0.0,,1
Multifamily house,Detached,1970.0,2001.0,1.0,958,0.0,,,1.0,0.0,0.0,0.0,0.0,1.0,,0.0,1.0,0.0,0.0,1.0,1
Premise building,Detached,1963.0,1999.0,1.0,2129,0.0,,,0.0,0.0,1.0,0.0,0.0,0.0,0.0,1.0,1.0,0.0,0.0,1.0,1
Premise building,Detached,1945.0,,3.0,16326,,,,,,,,,1.0,,,1.0,,,,1
Premise building,Intermediate,1939.0,1994.0,5.0,4810,1.0,3.0,,0.0,0.0,1.0,0.0,0.0,0.0,,,0.0,0.0,,,1
Premise building,Detached,1974.0,1998.0,8.0,17117,1.0,4.0,,0.0,0.0,1.0,0.0,0.0,,1.0,1.0,0.0,0.0,0.0,1.0,1
Premise building,Detached,1984.0,1993.0,1.0,13018,1.0,0.0,,0.0,0.0,1.0,0.0,0.0,0.0,,0.0,0.0,,0.0,0.0,1
Premise building,Detached,1967.0,,4.0,14306,2.0,,,,,,,,,,,,,,,1
Premise building,Detached,1934.0,2007.0,14.0,8640,,,,,,,,,1.0,0.0,1.0,0.0,0.0,0.0,0.0,1
Multifamily house,Detached,1971.0,2008.0,5.0,3317,3.0,3.0,27.0,1.0,0.0,1.0,0.0,0.0,0.0,0.0,1.0,1.0,0.0,1.0,0.0,1
Premise building,Detached,1970.0,1997.0,2.0,6239,1.0,2.0,0.0,0.0,0.0,1.0,0.0,0.0,,,1.0,,,,1.0,1
Premise building,Detached,1964.0,,1.0,359,1.0,1.0,,0.0,0.0,1.0,0.0,0.0,0.0,1.0,,0.0,0.0,1.0,0.0,1
Premise building,Unknown,1964.0,1980.0,2.0,,,0.0,,,,,,,0.0,1.0,,1.0,0.0,0.0,0.0,1
Premise building,Detached,1964.0,,1.0,343,1.0,1.0,,1.0,0.0,1.0,0.0,0.0,0.0,0.0,,0.0,0.0,0.0,1.0,1
Premise building,Gable,1969.0,2003.0,1.0,2019,0.0,0.0,,0.0,0.0,1.0,0.0,0.0,0.0,0.0,,0.0,0.0,0.0,1.0,1
Premise building,Detached,1971.0,,2.0,6639,0.0,,,1.0,1.0,1.0,0.0,0.0,,0.0,,0.0,0.0,0.0,,1
Premise building,Detached,1954.0,,2.0,1130,1.0,2.0,,1.0,0.0,1.0,0.0,0.0,,,,0.0,,,1.0,1
Premise building,Detached,1968.0,,1.0,,,,,,,,,,,,,,,,,1
Premise building,Detached,1978.0,,1.0,903,0.0,,,,,,,,1.0,,,,,,,1
Premise building,Detached,1959.0,,,183063,1.0,,,,,,,,1.0,,,,,,,1
Premise building,Detached,1923.0,,,23580,1.0,,,,,,,,1.0,1.0,,0.0,0.0,0.0,,1
Premise building,Detached,1967.0,2004.0,5.0,13588,1.0,2.0,0.0,0.0,1.0,1.0,0.0,0.0,1.0,1.0,,1.0,1.0,1.0,0.0,1
Premise building,Intermediate,1972.0,2001.0,7.0,45195,1.0,8.0,,0.0,0.0,1.0,0.0,0.0,1.0,1.0,,0.0,0.0,0.0,0.0,1
Premise building,Intermediate,1929.0,1945.0,4.0,967,1.0,2.0,0.0,0.0,0.0,0.0,0.0,1.0,1.0,,,,,,,1
Premise building,Gable,1965.0,,7.0,20851,2.0,3.0,1.0,0.0,1.0,1.0,0.0,0.0,1.0,1.0,,0.0,1.0,0.0,1.0,1
Premise building,Detached,1957.0,1988.0,3.0,1500,,,,,,,,,1.0,1.0,,0.0,1.0,1.0,0.0,1
Premise building,Intermediate,1922.0,,7.0,4056,1.0,2.0,0.0,1.0,0.0,1.0,0.0,1.0,,,,,0.0,,,1
Premise building,Detached,1929.0,,2.0,,,,,,,,,,1.0,,1.0,0.0,,,1.0,0
Premise building,Detached,1970.0,,,8150,0.0,,,0.0,1.0,1.0,0.0,0.0,1.0,1.0,1.0,1.0,1.0,1.0,,0
Premise building,Detached,1958.0,,3.0,2000,,,,,,,,,1.0,,1.0,0.0,1.0,1.0,1.0,0
Premise building,Detached,1959.0,,1.0,,,,,,,,,,1.0,,,0.0,1.0,,0.0,0
Premise building,Detached,1959.0,1995.0,2.0,5132,1.0,,,0.0,0.0,1.0,0.0,0.0,,,,0.0,,0.0,,0
Premise building,Intermediate,1909.0,1976.0,6.0,5419,2.0,2.0,20.0,0.0,1.0,0.0,0.0,0.0,1.0,1.0,,0.0,,0.0,0.0,0
Premise building,Detached,1964.0,2007.0,8.0,17437,1.0,0.0,0.0,0.0,0.0,1.0,0.0,0.0,1.0,,,,,,,0
Premise building,Detached,1947.0,,8.0,33343,2.0,2.0,,0.0,0.0,1.0,0.0,0.0,,1.0,,,,,0.0,0
Premise building,Unknown,1981.0,,2.0,,,,,,,,,,1.0,1.0,1.0,1.0,0.0,1.0,0.0,0
Premise building,Detached,1970.0,,1.0,106,0.0,,,1.0,0.0,0.0,0.0,0.0,,,,0.0,,,,0
Premise building,Gable,1952.0,1990.0,3.0,936,1.0,1.0,2.0,1.0,1.0,0.0,0.0,0.0,1.0,,,0.0,1.0,0.0,,0
Premise building,Detached,1921.0,2004.0,3.0,23453,1.0,1.0,,0.0,0.0,1.0,0.0,0.0,,,,,1.0,1.0,,0
Premise building,Detached,1912.0,,3.0,3925,1.0,,,0.0,1.0,1.0,0.0,0.0,,,,0.0,,1.0,,0
Premise building,Detached,1912.0,1971.0,3.0,3925,1.0,,,0.0,1.0,1.0,0.0,0.0,1.0,,,0.0,,0.0,0.0,0
Premise building,Gable,1970.0,,10.0,37871,3.0,,,0.0,0.0,1.0,0.0,0.0,,,1.0,,,,,0
Premise building,Detached,1902.0,,4.0, 4490,,,,,,,,,1.0,,,0.0,1.0,1.0,,0
Premise building,Detached,1963.0,2000.0,7.0,65478,3.0,,,0.0,0.0,1.0,0.0,0.0,1.0,1.0,,1.0,1.0,1.0,0.0,0
Premise building,Detached,1963.0,2000.0,10.0,65478,3.0,,,0.0,0.0,1.0,0.0,0.0,1.0,1.0,,1.0,1.0,1.0,0.0,0
Premise building,Detached,1963.0,2000.0,6.0,65478,3.0,,,0.0,0.0,1.0,0.0,0.0,1.0,1.0,,1.0,1.0,1.0,0.0,0
Premise building,Detached,1969.0,,3.0,3038,1.0,,,0.0,1.0,0.0,0.0,0.0,1.0,1.0,,1.0,0.0,,,0
Premise building,Detached,1953.0,1988.0,2.0,767,1.0,,,0.0,0.0,1.0,0.0,0.0,1.0,,,,1.0,0.0,,0
Multifamily house,Intermediate,1962.0,1980.0,8.0,2561,1.0,1.0,11.0,1.0,1.0,1.0,0.0,0.0,1.0,1.0,,0.0,,1.0,0.0,0
Premise building,Detached,1933.0,,3.0,1132,,,,,,,,,1.0,1.0,1.0,0.0,1.0,,0.0,0
Premise building,Detached,1965.0,,12.0,607,0.0,,,0.0,0.0,1.0,0.0,0.0,1.0,0.0,0.0,0.0,0.0,,,0
Premise building,Detached,1964.0,1998.0,26.0,87000,3.0,,0.0,1.0,1.0,1.0,1.0,0.0,0.0,0.0,0.0,0.0,0.0,,,0
Premise building,Detached,1937.0,2005.0,,2660,0.0,,,,,,,,1.0,,,,,,,0
Premise building,Detached,1954.0,2012.0,5.0,15861,2.0,,,0.0,0.0,1.0,0.0,0.0,,1.0,1.0,0.0,1.0,1.0,0.0,0
Premise building,Detached,1912.0,,6.0,12770,1.0,1.0,0.0,1.0,1.0,1.0,0.0,1.0,1.0,0.0,1.0,,1.0,1.0,1.0,0
Premise building,Detached,1950.0,2000.0,,,,,,,,,,,1.0,1.0,0.0,0.0,1.0,0.0,0.0,0
Premise building,Gable,1961.0,2015.0,7.0,16470,3.0,3.0,0.0,0.0,0.0,1.0,0.0,0.0,,,,,,,0.0,0
Premise building,Detached,1906.0,1936.0,5.0,13716,,,,,,,,,1.0,1.0,1.0,0.0,0.0,1.0,,0
Premise building,Intermediate,1930.0,1990.0,8.0,11636,2.0,,,0.0,0.0,1.0,0.0,0.0,,,,,,,0.0,0
Premise building,Detached,1977.0,2000.0,1.0,30810,,2.0,0.0,,,,,,1.0,,,0.0,0.0,,,0
Premise building,Unknown,1964.0,1996.0,,30620,,,,,,,,,,1.0,,1.0,1.0,1.0,0.0,0
Premise building,Detached,1971.0,,4.0,4104,0.0,2.0,0.0,0.0,1.0,1.0,0.0,0.0,1.0,1.0,1.0,,,0.0,,0
Premise building,Detached,1971.0,,4.0,4104,0.0,2.0,0.0,0.0,1.0,1.0,0.0,0.0,1.0,1.0,1.0,1.0,1.0,1.0,1.0,0
Premise building,Gable,1960.0,2014.0,6.0,4712,2.0,2.0,0.0,0.0,0.0,1.0,0.0,0.0,0.0,0.0,,0.0,0.0,,,0
Premise building,Detached,1964.0,2015.0,26.0,87000,3.0,,0.0,1.0,1.0,1.0,1.0,0.0,,,,,,,,0
Premise building,Gable,1925.0,2016.0,4.0,8283,1.0,3.0,0.0,1.0,0.0,1.0,0.0,0.0,,,,,,,,0
Premise building,Detached,1988.0,1999.0,7.0,,,,,,,,,,0.0,0.0,0.0,,0.0,0.0,,0
Premise building,Detached,1940.0,,,600,,,,,,,,,1.0,1.0,1.0,0.0,,0.0,0.0,0
Multifamily house,Intermediate,1930.0,1988.0,7.0,3582,1.0,1.0,22.0,0.0,1.0,0.0,0.0,0.0,1.0,,,0.0,1.0,,0.0,0
